"Golf Date","Arrival Time","Arrival Source","Depart Time","Depart Source",Club,Sighted?,"Golf Source",Comment
2017-02-04,"2017-02-04 09:33:00",https://twitter.com/markknoller/status/827966015808081920,"2017-02-04 14:05:00",_http://publicpool.kinja.com/subject-wh-travel-pool-report-5-1792001789,"Trump Intl, West Palm Beach, FL",Yes,_https://www.facebook.com/frostwine/photos/a.214590338569690.64653.213672025328188/1544762645552446,"<a href=""https://www.facebook.com/frostwine/photos/a.214590338569690.64653.213672025328188/1544762645552446"">Frost and Trump vs. Nieporte and Arrigo</a>"
2017-02-05,"2017-02-05 09:27:00",_http://publicpool.kinja.com/subject-travel-pool-1-golf-club-1792015480,"2017-02-05 14:08:00",_http://publicpool.kinja.com/subject-travel-pool-3-departing-trump-international-1792019219,"Trump Intl, West Palm Beach, FL",Likely,_,
2017-02-11,"2017-02-11 09:26:00",_http://publicpool.kinja.com/subject-print-travel-pool-report-3-1792253007,"2017-02-11 13:50:00",_http://publicpool.kinja.com/subject-print-travel-pool-report-4-1792256285,"Trump Natl, Jupiter, FL",Yes,https://www.nytimes.com/2017/02/12/us/politics/donald-trump-golf-obama.html,"<a href=""https://twitter.com/realDonaldTrump/status/830555911559249926"">18 holes with Shinzo Abe</a>"
2017-02-12,"2017-02-12 08:31:00",_http://publicpool.kinja.com/subject-print-travel-pool-report-1-1792269814,"2017-02-12 13:49:00",_http://publicpool.kinja.com/subject-2-18-travel-pool-2-1792515075,"Trump Natl, Jupiter, FL",Likely,_,
2017-02-19,"2017-02-19 08:58:00",_http://publicpool.kinja.com/subject-pool-report-4-1792533166,"2017-02-19 14:25:00",_http://publicpool.kinja.com/subject-pool-report-4-1792533166,"Trump Intl, West Palm Beach, FL",Yes,http://www.cnn.com/2017/02/20/politics/donald-trump-golfing-presidency/index.html,"<a href=""http://nolayingup.com/2017/02/20/rory-trump/"">With McIlroy, Mullen, and Levine</a>"
2017-02-18,"2017-02-18 08:51:00",_http://publicpool.kinja.com/subject-2-18-travel-pool-1-1792511186,"2017-02-18 13:16:00",_http://publicpool.kinja.com/subject-2-18-travel-pool-2-1792515075,"Trump Intl, West Palm Beach, FL",Yes,http://www.cnn.com/2017/02/20/politics/donald-trump-golfing-presidency/index.html,"<a href=""http://ktla.com/2017/02/20/aides-to-trump-critic-of-obamas-time-spent-golfing-try-to-hide-presidents-time-on-the-links/"">""Played a couple""</a>"
2017-03-04,"2017-03-04 09:26:00",_http://publicpool.kinja.com/subject-print-travel-pool-report-3-1792968675,"2017-03-04 13:05:00",_http://publicpool.kinja.com/subject-print-travel-pool-report-4-1792971903,"Trump Intl, West Palm Beach, FL",Likely,_,"<a href=""http://www.washingtonexaminer.com/trump-visits-golf-course-after-tweeting-obama-wiretap-accusations/article/2616451"">Wiretap tweet</a>"
2017-03-05,"2017-03-05 09:13:00",_http://publicpool.kinja.com/subject-travel-pool-report-2-golf-1792984718,"2017-03-05 12:48:00",_http://publicpool.kinja.com/subject-travel-pool-report-3-golf-club-depart-1792987436,"Trump Intl, West Palm Beach, FL",Yes,_https://www.instagram.com/p/BRRDqjaA4cc/,"<a href=""https://www.instagram.com/p/BRRDqjaA4cc/"">With David and Sean Frost</a>"
2017-03-11,"2017-03-11 12:39:00",_http://publicpool.kinja.com/subject-pool-report-3-1793186515,"2017-03-11 14:50:00",_http://publicpool.kinja.com/subject-pool-report-5-1793187992,"Trump Natl, Potomac Falls, VA",Likely,_,"<a href=""http://www.golf.com/tour-news/2017/03/11/president-trump-holds-partial-cabinet-meeting-trump-national-virginia"">Cabinet meeting</a>"
2017-03-18,"2017-03-18 09:40:00",https://twitter.com/markknoller/status/843099239639105536,"2017-03-18 14:44:00",_http://publicpool.kinja.com/subject-pool-report-5-1793406302,"Trump Intl, West Palm Beach, FL",Yes,https://twitter.com/chrisruddynmx/status/843164640054001664,"<a href=""http://www.washingtonexaminer.com/trump-poses-for-photo-with-former-romney-aide-at-golf-club/article/2617798"">Glove picture</a>"
2017-03-19,"2017-03-19 08:37:00",_http://publicpool.kinja.com/subject-out-of-town-pool-report-1-1793417353,"2017-03-19 12:10:00",_http://publicpool.kinja.com/subject-out-of-town-pool-report-3-1793419961,"Trump Intl, West Palm Beach, FL",Likely,_,
2017-02-11,"2017-02-11 14:16:00",_http://publicpool.kinja.com/subject-print-travel-pool-report-5-1792257528,"2017-02-11 16:23:00",_http://publicpool.kinja.com/subject-print-travel-pool-report-7-1792259064,"Trump Intl, West Palm Beach, FL",Yes,https://www.nytimes.com/2017/02/12/us/politics/donald-trump-golf-obama.html,"<a href=""https://twitter.com/realDonaldTrump/status/830555911559249926"">9 more holes with Ernie Els</a>"
2017-03-25,"2017-03-25 11:01:00",_http://publicpool.kinja.com/subject-in-town-pool-3-1793636839,"2017-03-25 15:20:00",_http://publicpool.kinja.com/subject-in-town-pool-6-1793641392,"Trump Natl, Potomac Falls, VA",Yes,https://twitter.com/jbillinson/status/845732318736273410,"<a href=""https://twitter.com/JenniferJJacobs/status/846017888637145090"">18 holes, cleats picture</a>"
2017-03-26,"2017-03-26 11:04:00",_http://publicpool.kinja.com/subject-pool-report-no-2-arrival-trump-national-golf-1793652428,"2017-03-26 12:00:00",_http://publicpool.kinja.com/subject-pool-report-no-4-departing-club-1793653360,"Trump Natl, Potomac Falls, VA","Probably Not",_,"<a href=""https://twitter.com/hunterw/status/846032374299328513"">Watching golf</a>"
2017-04-02,"2017-04-02 10:44:00",_http://publicpool.kinja.com/subject-in-town-pool-report-3-1793935576,"2017-04-02 16:04:00",http://publicpool.kinja.com/subject-in-town-pool-report-7-1793939369,"Trump Natl, Potomac Falls, VA",Yes,https://www.bloomberg.com/news/articles/2017-04-02/trump-tees-off-with-rand-paul-to-show-gop-love-on-health-care,"<a href=""http://www.foxnews.com/politics/2017/04/02/golf-summit-trump-tees-up-talks-obamacare-with-paul-mulvaney.html"">With Paul and Mulvaney</a>"
2017-04-08,"2017-04-08 09:05:00",_http://publicpool.kinja.com/subject-mar-a-lago-pool-report-no-2-1794137973,"2017-04-08 14:15:00",_http://publicpool.kinja.com/subject-mar-a-lago-pool-report-no-3-1794141922,"Trump Intl, West Palm Beach, FL",Yes,https://twitter.com/AlliemalCNN/status/850756815210123267,"<a href=""http://www.mypalmbeachpost.com/news/china-summit-syrian-strikes-past-this-new-normal-for-trump/VwegMHt4jDc79bOW8n5rjK/"">Post President Xi visit</a>"
2017-04-09,"2017-04-09 09:32:00",_http://publicpool.kinja.com/subject-sunday-print-pool-report-2-1794152209,"2017-04-09 14:32:00",http://publicpool.kinja.com/subject-sunday-print-pool-report-3-1794155418,"Trump Intl, West Palm Beach, FL",Yes,http://thehill.com/homenews/administration/328024-trump-spotted-at-florida-golf-club,"<a href=""http://www.palmbeachdailynews.com/news/exclusive-president-trump-return-palm-beach-for-easter-weekend/Tx4Hjp6nzNwKv31dG3IuTL/"">""back next week""</a>"
2017-04-14,"2017-04-14 09:54:00",http://publicpool.kinja.com/subject-pool-report-1-1794326997,"2017-04-14 13:54:00",http://publicpool.kinja.com/subject-pool-report-2-1794335954,"Trump Intl, West Palm Beach, FL",Yes,https://www.axios.com/photo-of-trump-golfing-mar-a-lago-2361057362.html,"<a href=""http://www.sun-sentinel.com/local/palm-beach/fl-pn-trump-good-friday-visit-20170414-story.html"">Good Friday Golf</a>"
2017-04-15,"2017-04-15 08:58:00",http://publicpool.kinja.com/subject-wh-pool-report-1-1794352137,"2017-04-15 13:29:00",http://publicpool.kinja.com/subject-wh-pool-report-2-1794356466,"Trump Intl, West Palm Beach, FL",Likely,_,"<a href=""http://www.sun-sentinel.com/local/palm-beach/fl-pn-trump-saturday-easter-visit-20170415-story.html"">Amid tax march protests</a>"
2017-04-30,"2017-04-30 11:33:00",http://publicpool.kinja.com/subject-wh-pool-report-3-1794782494,"2017-04-30 16:00:00",http://publicpool.kinja.com/subject-wh-pool-report-4-1794785857,"Trump Natl, Potomac Falls, VA",Likely,_,"<a href=""https://twitter.com/jbillinson/status/858775269812953089"">Don't ask, don't tell</a>"
2017-05-05,"2017-05-05 00:00:00",http://publicpool.kinja.com/subject-travel-pool-1-potus-at-bedminster-1794954390,"2017-05-05 23:59:00",http://publicpool.kinja.com/subject-travel-pool-1-potus-at-bedminster-1794954390,"Trump Natl, Bedminster, NJ","Probably Not",_,"<a href=""http://www.nj.com/politics/index.ssf/2017/05/trumps_not-so-busy_day_in_bedminster.html"">""Working out of my home""</a>"
2017-05-06,"2017-05-06 00:00:00",http://publicpool.kinja.com/subject-daily-guidance-and-press-schedule-for-saturday-1794976389,"2017-05-06 23:59:00",http://publicpool.kinja.com/subject-travel-pool-report-1-1794982970,"Trump Natl, Bedminster, NJ",Yes,https://twitter.com/mikememoli/status/860986891377815553,"<a href=""https://www.washingtonpost.com/news/post-politics/wp/2017/05/06/spend-your-free-time-in-a-red-state-a-motorcade-of-protesters-rolls-by-trumps-n-j-property/"">Motorcade of protesters</a>"
2017-05-07,"2017-05-07 00:00:00",http://publicpool.kinja.com/subject-updated-daily-guidance-and-press-schedule-for-1794990499,"2017-05-07 19:19:00",http://publicpool.kinja.com/subject-travel-pool-1-pool-rolling-1795001924,"Trump Natl, Bedminster, NJ",Likely,_,"<a href=""http://www.mycentraljersey.com/story/news/politics/2017/05/07/president-trump-ends-weekend-bedminster/312041001/"">""Meetings!""</a>"
2017-05-14,"2017-05-14 10:32:00",http://publicpool.kinja.com/subject-pool-report-2-1795202720,"2017-05-14 14:35:00",http://publicpool.kinja.com/subject-pool-report-4-1795206641,"Trump Natl, Potomac Falls, VA",Likely,_,"<a href=""http://nypost.com/2017/05/14/trump-hits-a-few-balls-on-mothers-day/"">Ditching Melania on Mother's Day</a>"
2017-06-03,"2017-06-03 10:42:00",http://publicpool.kinja.com/subject-in-town-pool-report-2-1795784391,"2017-06-03 14:22:00",http://publicpool.kinja.com/subject-in-town-pool-report-3-1795786847,"Trump Natl, Potomac Falls, VA",Likely,_,"<a href=""http://www.businessinsider.com/trump-skipped-the-pittsburgh-not-paris-rally-to-go-to-his-golf-club-2017-6"">Skipping his own rally</a>"
2017-06-04,"2017-06-04 09:30:00",http://publicpool.kinja.com/subject-in-town-pool-report-2-1795796133,"2017-06-04 13:51:00",http://publicpool.kinja.com/subject-in-town-pool-report-3-1795798554,"Trump Natl, Potomac Falls, VA",Yes,https://thegolfnewsnet.com/golfnewsnetteam/2017/06/04/donald-trump-played-golf-peyton-manning-sen-bob-corker-105307/,"<a href=""https://twitter.com/Al_Drago/status/871439557492957184"">With Corker and Manning</a>"
2017-06-10,"2017-06-10 00:00:00",http://publicpool.kinja.com/subject-daily-guidance-and-press-schedule-for-saturday-1795978292,"2017-06-10 23:59:00",http://publicpool.kinja.com/subject-out-of-town-2-travel-photo-lid-1795988270,"Trump Natl, Bedminster, NJ",Yes,https://www.washingtonpost.com/news/football-insider/wp/2017/06/14/kirk-cousins-plays-a-round-of-golf-with-president-trump/,"<a href=""http://www.espn.com/blog/nflnation/post/_/id/239284/kirk-cousins-new-life-golfing-with-the-president-and-reduced-work"">With Kirk Cousins</a>"
2017-06-11,"2017-06-11 00:00:00",http://publicpool.kinja.com/subject-daily-guidance-and-press-schedule-for-sunday-1795992877,"2017-06-11 19:09:00",http://publicpool.kinja.com/subject-travel-pool-report-4-newark-1796003786,"Trump Natl, Bedminster, NJ",Likely,_,"<a href=""https://twitter.com/hunterw/status/874048716327591936"">Presidential golf cart spotted</a>"
2017-06-24,"2017-06-24 10:55:00",http://publicpool.kinja.com/subject-pool-report-2-arrival-at-trump-national-va-1796390670,"2017-06-24 14:03:00",http://publicpool.kinja.com/subject-pool-report-3-leaving-trump-national-1796392274,"Trump Natl, Potomac Falls, VA",Yes,https://twitter.com/Fahrenthold/status/878687241056419844,"<a href=""http://www.inquisitr.com/4320311/melanias-dad-is-back-not-golfing-with-donald-trump-at-golf-club-in-sterling-virginia-near-washington-d-c/"">""Not golfing"" with father-in-law</a>"
2017-06-25,"2017-06-25 09:51:00",http://publicpool.kinja.com/subject-pool-report-2-golf-1796400277,"2017-06-25 13:40:00",http://publicpool.kinja.com/subject-pool-report-3-departing-golf-club-1796402538,"Trump Natl, Potomac Falls, VA",Yes,http://thehill.com/blogs/blog-briefing-room/news/339397-trump-plays-18-holes-of-golf-at-virginia-club-report,"<a href=""http://www.dailymail.co.uk/news/article-4638048/Donald-Trump-spends-31st-day-golf-course-president.html"">Playing through</a>"
2017-07-01,"2017-07-01 00:00:00",http://publicpool.kinja.com/subject-daily-guidance-and-press-schedule-for-saturday-1796567287,"2017-07-01 18:30:00",http://publicpool.kinja.com/subject-travel-pool-1-departing-bedminster-1796579588,"Trump Natl, Bedminster, NJ",Likely,_,"<a href=""http://www.inquisitr.com/4339093/trump-photographed-in-bathroom-with-instagram-user-at-trump-national-golf-club-in-bedminster-new-jersey/"">Rainy day in the bathroom?</a>"
2017-07-02,"2017-07-02 00:00:00",http://publicpool.kinja.com/subject-updated-daily-guidance-and-press-schedule-for-1796582194,"2017-07-02 23:59:00",http://publicpool.kinja.com/subject-travel-pool-report-1-travel-photo-lid-1796592750,"Trump Natl, Bedminster, NJ",Likely,_,
2017-07-03,"2017-07-03 00:00:00",http://publicpool.kinja.com/subject-updated-daily-guidance-and-press-schedule-for-1796598878,"2017-07-03 19:00:00",http://publicpool.kinja.com/subject-travel-pool-report-2-departure-for-andrews-1796611578,"Trump Natl, Bedminster, NJ",Yes,https://twitter.com/JenniferJJacobs/status/882235265082949632,"<a href=""http://www.dailymail.co.uk/news/article-4662776/Trump-poses-young-fans-trip-golf-course.html"">Enjoying an ice cream cone</a>"
2017-07-04,"2017-07-04 09:58:00",http://publicpool.kinja.com/subject-pool-report-3-1796620897,"2017-07-04 13:42:00",http://publicpool.kinja.com/subject-pool-report-4-1796623627,"Trump Natl, Potomac Falls, VA",Likely,_,
2017-07-09,"2017-07-09 10:14:00",http://publicpool.kinja.com/subject-in-town-pool-report-2-1796753480,"2017-07-09 14:22:00",http://publicpool.kinja.com/subject-in-town-pool-report-4-1796756600,"Trump Natl, Potomac Falls, VA",Likely,_,
2017-07-14,"2017-07-14 15:37:00",http://publicpool.kinja.com/subject-new-jersey-pool-report-2-arrival-at-bedmins-1796931375,"2017-07-14 23:59:00",http://publicpool.kinja.com/subject-daily-guidance-and-press-schedule-for-saturday-1796937919,"Trump Natl, Bedminster, NJ","Probably Not",_,"<a href=""https://www.washingtonpost.com/news/early-lead/wp/2017/07/14/trump-tweets-that-he-will-attend-the-u-s-womens-open/"">U.S. Womens Open</a>"
2017-07-15,"2017-07-15 14:29:00",http://publicpool.kinja.com/subject-bedminster-pool-report-2-potus-arrives-1796949429,"2017-07-15 18:19:00",http://publicpool.kinja.com/subject-new-jersey-pool-report-6-1796952535,"Trump Natl, Bedminster, NJ","Probably Not",_,"<a href=""https://www.reuters.com/article/us-golf-women-uschamp-trump-idUSKBN1A00RQ"">In his glass enclosed box</a>"
2017-07-16,"2017-07-16 15:11:00",http://publicpool.kinja.com/subject-bedminster-7-16-pool-report-5-1796963207,"2017-07-16 18:43:00",http://publicpool.kinja.com/subject-bedminster-7-16-pool-report-1796966434,"Trump Natl, Bedminster, NJ","Probably Not",_,"<a href=""http://thehill.com/blogs/blog-briefing-room/news/342267-womens-protest-receives-frosty-welcome-at-trump-golf-course"">Ultraviolet protests</a>"
2017-07-22,"2017-07-22 13:37:00",http://publicpool.kinja.com/subject-travel-pool-report-8-arrival-at-gold-club-1797157488,"2017-07-22 17:46:00",http://publicpool.kinja.com/subject-travel-pool-10-1797161114,"Trump Natl, Potomac Falls, VA",Yes,https://www.facebook.com/philip.hoff/posts/10101265952792327,"<a href=""http://www.washingtonexaminer.com/trump-visits-virginia-golf-course/article/2629434"">Lunch during a thunderstorm</a>"
2017-07-23,"2017-07-23 10:05:00",http://publicpool.kinja.com/subject-in-town-pool-report-2-1797169806,"2017-07-23 14:17:00",http://publicpool.kinja.com/subject-in-town-pool-report-5-1797172375,"Trump Natl, Potomac Falls, VA",Yes,_https://www.instagram.com/p/BW6KLG6gU2Y/,
2017-07-30,"2017-07-30 09:38:00",http://publicpool.kinja.com/subject-pool-report-1-1797374212,"2017-07-30 14:17:00",http://publicpool.kinja.com/subject-pool-report-2-rolling-1797377264,"Trump Natl, Potomac Falls, VA",Likely,_,"<a href=""http://www.thenewcivilrightsmovement.com/ryanjent/_trump_is_weak_and_sniveling_displayed_on_trump_s_golf_course_tv_s_until_press_arrived"">Trump is ""weak and sniveling""</a>"
2017-08-05,"2017-08-05 00:00:00",http://publicpool.kinja.com/subject-travel-print-pool-report-1-lunch-lid-news-1797562078,"2017-08-05 23:59:00",http://publicpool.kinja.com/subject-travel-print-pool-report-2-lid-1797566551,"Trump Natl, Bedminster, NJ",Yes,http://www.washingtonexaminer.com/trump-greets-wedding-guests-at-golf-resort-in-new-jersey/article/2630734,"<a href=""http://www.nydailynews.com/news/politics/trump-insists-new-jersey-golf-club-retreat-not-vacation-article-1.3387449"">""This is not a vacation""</a>"
2017-08-06,"2017-08-06 00:00:00",http://publicpool.kinja.com/subject-travel-pool-report-1-1797575074,"2017-08-06 23:59:00",http://publicpool.kinja.com/subject-travel-pool-report-3-final-1797581791,"Trump Natl, Bedminster, NJ",Likely,_,
2017-08-07,"2017-08-07 00:00:00",http://publicpool.kinja.com/subject-pool-report-1-1797591709,"2017-08-07 23:59:00",http://publicpool.kinja.com/subject-pool-report-3-1797616886,"Trump Natl, Bedminster, NJ","Probably Not",_,"<a href=""http://www.esquire.com/news-politics/news/a56873/trump-tweet-rain-golf/"">Rainy day Twitter storm</a>"
2017-08-08,"2017-08-08 00:00:00",http://publicpool.kinja.com/subject-daily-guidance-and-press-schedule-for-tuesday-1797618711,"2017-08-08 23:59:00",http://publicpool.kinja.com/subject-whca-print-wh-pool-pool-report-2-1797656860,"Trump Natl, Bedminster, NJ",Likely,_,
2017-08-09,"2017-08-09 00:00:00",http://publicpool.kinja.com/subject-travel-pool-1-1797676040,"2017-08-09 23:59:00",http://publicpool.kinja.com/subject-travel-pool-3-lid-1797695773,"Trump Natl, Bedminster, NJ",Yes,http://www.washingtonexaminer.com/trumps-golf-partner-reveals-he-and-president-played-18-holes/article/2631095,"<a href=""https://twitter.com/4everNeverTrump/status/895369166282260481"">With a ""random person""</a>"
2017-08-10,"2017-08-10 00:00:00",http://publicpool.kinja.com/subject-daily-guidance-and-press-schedule-for-thursday-1797699774,"2017-08-10 23:59:00",http://publicpool.kinja.com/subject-bedminster-pool-report-no-6-travel-photo-l-1797731861,"Trump Natl, Bedminster, NJ",Likely,_,"<a href=""https://www.yahoo.com/news/news/why-russian-airforce-flying-over-103352098.html"">Under Russian spy jets</a>"
2017-08-11,"2017-08-11 00:00:00",https://publicpool.kinja.com/subject-daily-guidance-and-press-schedule-for-friday-1797737933,"2017-08-11 23:59:00",http://publicpool.kinja.com/subject-out-of-town-pool-report-5-lid-1797767814,"Trump Natl, Bedminster, NJ",Yes,_https://www.instagram.com/p/BXo0PgrAaCh/,"<a href=""https://twitter.com/realDonaldTrump/status/895970429734711298"">""locked and loaded""</a>"
2017-08-12,"2017-08-12 00:00:00",http://publicpool.kinja.com/subject-daily-guidance-and-press-schedule-for-saturday-1797770509,"2017-08-12 23:59:00",http://publicpool.kinja.com/subject-pool-report-no-4-1797784555,"Trump Natl, Bedminster, NJ",Likely,_,
2017-08-13,"2017-08-13 00:00:00",http://publicpool.kinja.com/subject-daily-guidance-and-press-schedule-for-sunday-1797791752,"2017-08-13 23:59:00",http://publicpool.kinja.com/subject-out-of-town-pool-report-no-2-lid-1797802936,"Trump Natl, Bedminster, NJ",Likely,_,
2017-08-16,"2017-08-16 14:56:00",http://publicpool.kinja.com/subject-wh-travel-pool-report-8-1797914911,"2017-08-16 23:59:00",http://publicpool.kinja.com/subject-wh-travel-pool-report-9-1797914789,"Trump Natl, Bedminster, NJ","Probably Not",_,"<a href=""https://twitter.com/repdavetrott/status/897790564879478785"">More golf, less talk?</a>"
2017-08-17,"2017-08-17 00:00:00",http://publicpool.kinja.com/subject-daily-guidance-and-press-schedule-for-thursday-1797919003,"2017-08-17 23:59:00",http://publicpool.kinja.com/subject-whca-print-wh-pool-wh-travel-pool-report-1797955176,"Trump Natl, Bedminster, NJ",Likely,_,"<a href=""https://www.nytimes.com/2017/08/18/us/politics/trump-dinner-top-donors-tax-reform.html"">Dining with ""biggest donors""</a>"
2017-08-18,"2017-08-18 17:56:00",http://publicpool.kinja.com/subject-travel-pool-report-8-1797990692,"2017-08-18 23:59:00",http://publicpool.kinja.com/subject-travel-pool-report-8-1797990692,"Trump Natl, Bedminster, NJ","Probably Not",_,"<a href=""http://www.nj.com/politics/index.ssf/2017/08/trumps_bedminster_golf_club_again_welcomes_the_pre.html"">Back from Camp David</a>"
2017-08-19,"2017-08-19 00:00:00",http://publicpool.kinja.com/subject-daily-guidance-and-press-schedule-for-saturday-1798023258,"2017-08-19 23:59:00",http://publicpool.kinja.com/subject-wh-travel-pool-2-1798062566,"Trump Natl, Bedminster, NJ","Probably Not",_,
2017-08-20,"2017-08-20 00:00:00",http://publicpool.kinja.com/subject-daily-guidance-and-press-schedule-for-sunday-1798082596,"2017-08-20 17:00:00",https://twitter.com/markknoller/status/899428440667037697,"Trump Natl, Bedminster, NJ",Yes,_https://www.instagram.com/p/BYByxwTBlSX/,"<a href=""http://www.dailymail.co.uk/news/article-4810166/President-Trump-dines-golfs-Ivanka-poses-photo.html"">The vacation ends</a>"
2017-09-16,"2017-09-16 00:00:00",http://publicpool.kinja.com/subject-daily-guidance-and-press-schedule-for-saturday-1817176017,"2017-09-16 23:59:00",http://publicpool.kinja.com/subject-out-of-town-pool-report-4-travel-photo-lid-1818479447,"Trump Natl, Bedminster, NJ",Likely,_,
2017-09-17,"2017-09-17 00:00:00",http://publicpool.kinja.com/subject-daily-guidance-and-press-schedule-for-sunday-1818480725,"2017-09-17 16:15:00",http://publicpool.kinja.com/subject-out-of-town-pool-report-2-1818491926,"Trump Natl, Bedminster, NJ",Likely,_,"<a href=""https://www.nytimes.com/2017/09/17/us/politics/hillary-golfball-trump-tweets.html"">Retweeting childish Hillary GIF</a>"
2017-09-22,"2017-09-22 00:00:00",http://publicpool.kinja.com/subject-daily-guidance-and-press-schedule-for-friday-1818644365,"2017-09-22 17:00:00",http://publicpool.kinja.com/subject-travel-pool-report-2-1818674771,"Trump Natl, Bedminster, NJ",Likely,_,
2017-09-23,"2017-09-23 00:00:00",http://publicpool.kinja.com/subject-daily-guidance-and-press-schedule-for-saturday-1818683550,"2017-09-23 23:59:00",http://publicpool.kinja.com/subject-pool-report-2-1818693959,"Trump Natl, Bedminster, NJ",Likely,_,"<a href=""https://www.cbssports.com/nba/news/steph-curry-responds-to-trumps-comments-thats-not-what-leaders-do/"">Disinviting Stephen Curry</a>"
2017-09-24,"2017-09-24 00:00:00",http://publicpool.kinja.com/subject-updated-daily-guidance-and-press-schedule-for-1818697148,"2017-09-24 16:00:00",http://publicpool.kinja.com/subject-pool-report-1-1818708115,"Trump Natl, Bedminster, NJ",Likely,_,"<a href=""https://www.nytimes.com/2017/09/24/sports/nfl-trump-anthem-protests.html"">While urging NFL boycott</a>"
2017-09-29,"2017-09-29 17:50:00",http://publicpool.kinja.com/subject-travel-pool-report-3-lid-1819010800,"2017-09-29 23:59:00",http://publicpool.kinja.com/subject-travel-pool-report-3-lid-1819010800,"Trump Natl, Bedminster, NJ","Probably Not",_,
2017-09-30,"2017-09-30 00:00:00",http://publicpool.kinja.com/subject-daily-guidance-and-press-schedule-for-saturday-1819015990,"2017-09-30 23:59:00",http://publicpool.kinja.com/subject-updated-daily-guidance-and-press-schedule-for-1819032239,"Trump Natl, Bedminster, NJ",Likely,_,"<a href=""http://www.nydailynews.com/news/politics/president-trump-slams-san-juan-mayor-puerto-rico-leaders-article-1.3532130"">Insulting disaster victims</a>"
2017-10-01,"2017-10-01 00:00:00",http://publicpool.kinja.com/subject-updated-daily-guidance-and-press-schedule-for-1819032239,"2017-10-01 13:05:00",http://publicpool.kinja.com/subject-travel-pool-report-2-osprey-1819038318,"Trump Natl, Bedminster, NJ",Yes,https://patch.com/us/white-house/trumps-tweet-over-waste-time-negotiating-north-korea-apparently-sent-golf-course,
2017-10-01,"2017-10-01 15:35:00",http://publicpool.kinja.com/subject-travel-pool-report-5-golf-1819040093,"2017-10-01 18:20:00",http://publicpool.kinja.com/subject-travel-pool-report-8-dedication-to-puerto-rico-1819042413,"Liberty Natl, Jersey City, NJ","Probably Not",_,"<a href=""https://www.nytimes.com/aponline/2017/10/01/us/ap-glf-presidents-cup-trump.html"">Presidents Cup</a>"
2017-10-07,"2017-10-07 09:56:00",http://publicpool.kinja.com/subject-pool-report-2-1819244757,"2017-10-07 14:25:00",http://publicpool.kinja.com/subject-departure-from-trump-national-1819248369,"Trump Natl, Potomac Falls, VA",Yes,https://www.instagram.com/p/BZ9U1CQBRUL/,"<a href=""http://ijr.com/the-response/2017/10/993019-trump-goes-golf-course-dressed-golf-hurricane-nate-bears/"">Dressed for golf</a>"
2017-10-08,"2017-10-08 10:52:00",http://publicpool.kinja.com/subject-pool-report-2-1819260301,"2017-10-08 15:18:00",http://publicpool.kinja.com/subject-pool-report-4-1819263697,"Trump Natl, Potomac Falls, VA",Yes,https://www.instagram.com/p/BaAlO40l-23/,"<a href=""http://www.nydailynews.com/news/politics/corker-calls-white-house-day-care-center-trump-twitter-feud-article-1.3549305"">Away from his ""adult day care center""</a>"
2017-10-09,"2017-10-09 11:55:00",http://publicpool.kinja.com/subject-in-town-pool-report-2-lindsey-graham-golf-1819282134,"2017-10-09 15:10:00",http://publicpool.kinja.com/subject-in-town-pool-report-3-departure-from-golf-1819289551,"Trump Natl, Potomac Falls, VA",Yes,http://www.cnn.com/2017/10/09/politics/donald-trump-property-lindsey-graham-golf/index.html,"<a href=""http://www.golf.com/tour-news/2017/10/09/president-trump-shot-73-windy-and-wet-conditions-says-sen-lindsey-graham"">Shot a ""73"" with Lindsey Graham</a>"
2017-10-14,"2017-10-14 10:40:00",http://publicpool.kinja.com/subject-pool-report-3-golf-1819470644,"2017-10-14 14:55:00",http://publicpool.kinja.com/subject-pool-report-5-1819473857,"Trump Natl, Potomac Falls, VA",Yes,https://www.instagram.com/p/BaPocpDD9Ef/,"<a href=""http://www.thestate.com/news/politics-government/article178935881.html"">Second round with Sen. Graham</a>"
2017-10-15,"2017-10-15 10:38:00",http://publicpool.kinja.com/subject-pool-report-no-2-arrival-1819484284,"2017-10-15 15:14:00",http://publicpool.kinja.com/subject-pool-report-no-4-back-to-wh-1819487544,"Trump Natl, Potomac Falls, VA",Yes,http://publicpool.kinja.com/subject-pool-report-no-3-golf-1819484974,"<a href=""http://www.cnn.com/2017/10/15/politics/rand-paul-golf-trump/index.html"">Beating Rand Paul</a>"
2017-10-21,"2017-10-21 10:45:00",http://publicpool.kinja.com/subject-pool-report-2-1819737092,"2017-10-21 14:39:00",http://publicpool.kinja.com/subject-pool-report-4-1819739977,"Trump Natl, Potomac Falls, VA",Yes,https://twitter.com/POTUSWatch2016/status/922230211311296512,"<a href=""https://twitter.com/mkraju/status/922182278696128514"">CNN Pic?</a>"
2017-10-22,"2017-10-22 10:17:00",http://publicpool.kinja.com/subject-in-town-pool-2-1819750267,"2017-10-22 15:09:00",http://publicpool.kinja.com/subject-in-town-pool-3-1819753421,"Trump Natl, Potomac Falls, VA",Yes,http://www.gettyimages.com/license/865131276,"<a href=""https://twitter.com/Carrasquillo/status/922181408583503872"">With Mick Mulvaney?</a>"
2017-10-28,"2017-10-28 10:52:00",http://publicpool.kinja.com/subject-wh-in-town-pool-report-2-1819938340,"2017-10-28 15:12:00",http://publicpool.kinja.com/subject-wh-in-town-pool-report-3-1819941695,"Trump Natl, Potomac Falls, VA",Yes,http://thehill.com/blogs/in-the-know/in-the-know/357668-nbc-video-catches-trump-on-the-golf-course,"<a href=""https://www.golfdigest.com/story/sorry-internet-but-donald-trump-might-not-be-cheating-at-golf-in-this-video"">Not cheating!</a>"
2017-11-05,"2017-11-05 12:00:00",http://publicpool.kinja.com/subject-travel-pool-6-country-club-1820152305,"2017-11-05 14:52:00",http://publicpool.kinja.com/subject-travel-pool-7-country-club-departure-1820153739,"Kasumigaseki, Japan",Yes,http://www.foxnews.com/politics/2017/11/05/trump-meets-with-abe-hails-longtime-us-japan-alliance.html,"<a href=""http://time.com/5016998/trump-shinzo-golf-video/"">Trump misses Abes tumble</a>"
2017-11-22,"2017-11-22 09:26:00",http://publicpool.kinja.com/subject-pool-report-3-1820675991,"2017-11-22 14:23:00",http://publicpool.kinja.com/subject-whca-print-wh-pool-pool-report-5-1820687670,"Trump Intl, West Palm Beach, FL",Likely,_,"<a href=""https://www.theguardian.com/us-news/2017/nov/22/donald-trump-golf-mar-a-lago-thanksgiving-meetings"">Back at Mar-a-Lago</a>"
2017-11-23,"2017-11-23 11:10:00",http://publicpool.kinja.com/subject-pool-report-no-9-1820706319,"2017-11-23 15:31:00",http://publicpool.kinja.com/subject-pool-report-no-11-1820710008,"Trump Intl, West Palm Beach, FL",Likely,_,"<a href=""https://twitter.com/wpjenna/status/933732905825824768"">A busy Thanksgiving</a>"
2017-11-24,"2017-11-24 09:16:00",http://publicpool.kinja.com/subject-pool-report-3-1820720376,"2017-11-24 13:28:00",http://publicpool.kinja.com/subject-pool-report-5-1820723972,"Trump Natl, Jupiter, FL",Yes,https://twitter.com/realDonaldTrump/status/934031535757582336,"<a href=""http://www.cnn.com/2017/11/24/politics/trump-tiger-woods-dustin-johnson/index.html"">""Quickly"" with Woods, Johnson, and Faxon</a>"
2017-11-25,"2017-11-25 07:55:00",http://publicpool.kinja.com/subject-whca-print-wh-pool-pool-report-3-1820733997,"2017-11-25 13:52:00",http://publicpool.kinja.com/subject-whca-print-wh-pool-pool-report-4-1820737098,"Trump Intl, West Palm Beach, FL",Yes,https://apnews.com/4f485fb6a45b4869916308b7d92981e3/Trump-spotted-golfing-with-Nicklaus,"<a href=""https://www.nytimes.com/aponline/2017/11/25/us/ap-us-trump-golf.html"">With Jack and Gary Nicklaus</a>"
2017-11-26,"2017-11-26 09:33:00",http://publicpool.kinja.com/subject-pool-report-no-2-1820746094,"2017-11-26 13:57:00",http://publicpool.kinja.com/subject-pool-report-no-3-1820748807,"Trump Intl, West Palm Beach, FL",Likely,_,
2017-12-10,"2017-12-10 09:37:00",http://publicpool.kinja.com/subject-travel-pool-2-trump-international-golf-club-1821163007,"2017-12-10 14:12:00",http://publicpool.kinja.com/subject-travel-pool-4-golf-over-1821166266,"Trump Intl, West Palm Beach, FL",Yes,http://thehill.com/homenews/news/364161-trump-spends-sunday-morning-at-florida-golf-club,"<a href=""http://www.thestate.com/news/politics-government/article189192754.html"">With Graham, on a ""spectacular golf course""</a>"
2017-12-23,"2017-12-23 09:07:00",http://publicpool.kinja.com/subject-pool-report-2-1821550452,"2017-12-23 14:07:00",http://publicpool.kinja.com/subject-pool-report-3-1821553383,"Trump Intl, West Palm Beach, FL",Yes,https://twitter.com/kylegriffin1/status/944657641955045376,"<a href=""https://www.golfdigest.com/story/donald-trump-plays-pre-christmas-round-of-golf-with-pga-tour-players"">With Thomas, Berger, and Herman</a>"
2017-12-24,"2017-12-24 10:18:00",http://publicpool.kinja.com/subject-pool-report-3-1821561529,"2017-12-24 14:44:00",http://publicpool.kinja.com/subject-pool-report-3-1821564641,"Trump Intl, West Palm Beach, FL",Likely,,"<a href=""http://www.foxnews.com/politics/2017/12/24/trumps-rails-against-fake-news-thanks-veterans-during-busy-christmas-eve.html"">Christmas Eve golf?</a>"
2017-12-26,"2017-12-26 09:05:00",http://publicpool.kinja.com/subject-pool-report-no-1-1821580145,"2017-12-26 14:15:00",http://publicpool.kinja.com/subject-pool-report-no-3-1821585178,"Trump Intl, West Palm Beach, FL",Yes,http://thehill.com/blogs/blog-briefing-room/news/366529-cnn-cameras-capture-video-of-trump-golfing-in-florida,"<a href=""http://www.nydailynews.com/news/politics/president-trump-back-work-golf-day-christmas-article-1.3721471"">""Back to work"" with Sen. David Purdue</a>"
2017-12-27,"2017-12-27 09:07:00",http://publicpool.kinja.com/subject-pool-report-2-1821597878,"2017-12-27 14:07:00",http://publicpool.kinja.com/subject-pool-report-3-1821606476,"Trump Intl, West Palm Beach, FL",Likely,,"<a href=""http://money.cnn.com/2017/12/27/media/truck-blocks-camera-trump-golf-course/index.html"">Behind a big white truck?</a>"
2017-12-28,"2017-12-28 08:36:00",http://publicpool.kinja.com/subject-pool-report-2-trump-international-golf-club-1821621136,"2017-12-28 14:11:00",http://publicpool.kinja.com/subject-pool-report-3-leaving-trump-international-go-1821629757,"Trump Intl, West Palm Beach, FL",Yes,https://www.instagram.com/p/BdSSU85FnUy/,"<a href=""https://www.nytimes.com/2017/12/29/insider/mike-schmidt-interview-donald-trump.html"">Ahead of NY Times interview</a>"
2017-12-29,"2017-12-29 09:09:00",http://publicpool.kinja.com/subject-travel-pool-2-golf-club-arrival-1821645862,"2017-12-29 14:41:00",http://publicpool.kinja.com/subject-travel-pool-4b-more-from-coast-guard-photo-1821652698,"Trump Intl, West Palm Beach, FL",Yes,https://www.instagram.com/p/BdTIC4eHq1N/,"<a href=""https://www.mediaite.com/tv/watch-trump-hosts-coast-guard-members-on-golf-course/"">Coast Guard Scramble</a>"
2017-12-30,"2017-12-30 09:40:00",http://www.nydailynews.com/news/politics/trump-tweeted-back-work-spent-5-days-row-golf-club-article-1.3728155,"2017-12-30 14:30:00",https://twitter.com/waynewashpbpost/status/947190095945371651,"Trump Intl, West Palm Beach, FL",Yes,https://www.instagram.com/p/BdVk4T4gMbz/,"<a href=""https://www.instagram.com/p/BdVk4T4gMbz/"">With golf pro David Frost</a>"
2017-12-31,"2017-12-31 09:44:00",https://twitter.com/CillizzaCNN/status/947483813231382528,"2017-12-31 15:15:00",http://publicpool.kinja.com/subject-travel-pool-5-return-to-mal-gov-scott-readou-1821685936,"Trump Intl, West Palm Beach, FL",Maybe,,"<a href=""http://thehill.com/homenews/campaign/350455-rick-scotts-hurricane-response-boosts-profile-for-potential-senate-run"">Lunch with Governor Scott</a>"
2018-01-01,"2018-01-01 08:51:00",http://publicpool.kinja.com/subject-pool-report-no-1-happy-2018-1821689279,"2018-01-01 13:20:00",https://twitter.com/ChuckWeber12/status/947906591512317953,"Trump Intl, West Palm Beach, FL",Yes,http://thehill.com/blogs/blog-briefing-room/news/366971-trump-starts-2018-at-golf-club,"<a href=""http://www.golf.com/tour-news/2018/01/02/president-trump-golf-course-rare-video-footage-offers-behind-scenes-look"">With Fred and Taylor Funk</a>"
